City_ID,City,Country,Lat,Lng,Max Temp,Humidity,Cloudiness,Wind Speed,Current Discription
0,Bethel,US,41.3712,-73.414,76.41,81,40,0.0,scattered clouds
1,Albany,US,42.6001,-73.9662,79.81,78,98,3.38,overcast clouds
2,Port Blair,IN,11.6667,92.75,82.8,83,69,9.46,broken clouds
3,Luang Prabang,LA,19.8856,102.1347,80.58,79,100,2.17,overcast clouds
4,Obo,CF,5.3998,26.4869,79.7,71,99,3.76,light rain
5,Lasa,IT,46.6166,10.7002,75.11,83,80,5.06,broken clouds
6,Medveda,RU,56.5081,92.4078,62.53,77,98,2.1,light rain
7,Tuktoyaktuk,CA,69.4541,-133.0374,44.6,87,90,10.36,light intensity drizzle
8,Hobart,AU,-42.8794,147.3294,47.26,78,9,1.99,clear sky
9,Sungaipenuh,ID,-2.0833,101.3833,65.91,98,88,3.0,overcast clouds
10,Mount Pleasant,US,32.7941,-79.8626,86.07,82,20,1.99,few clouds
11,Roebourne,AU,-20.7833,117.1333,69.49,67,0,3.96,light rain
12,Xining,CN,36.6167,101.7667,58.59,77,88,0.76,overcast clouds
13,Punta Arenas,CL,-53.15,-70.9167,41.11,75,40,23.02,scattered clouds
14,Abu Kamal,SY,34.4506,40.9171,105.53,12,0,1.48,clear sky
15,Drensteinfurt,DE,51.7953,7.7382,71.22,52,100,15.9,overcast clouds
16,Oistins,BB,13.0667,-59.5333,86.09,70,40,23.02,scattered clouds
17,Celestun,MX,20.8667,-90.4,80.73,76,2,9.08,clear sky
18,Blagoyevo,RU,63.3667,47.9167,67.5,44,100,3.71,overcast clouds
19,New Norfolk,AU,-42.7826,147.0587,46.92,80,13,2.91,few clouds
20,Nikolskoye,RU,59.7035,30.7861,73.29,82,99,6.64,overcast clouds
21,Kodiak,US,57.79,-152.4072,52.47,97,100,4.94,light rain
22,Rikitea,PF,-23.1203,-134.9692,74.84,73,70,12.12,broken clouds
23,Yar-Sale,RU,66.8333,70.8333,68.23,64,71,15.08,broken clouds
24,Rio Gallegos,AR,-51.6226,-69.2181,42.85,52,0,18.41,clear sky
25,Klaksvik,FO,62.2266,-6.589,54.52,92,77,11.14,broken clouds
26,Kapuskasing,CA,49.4169,-82.4331,64.4,68,90,5.75,overcast clouds
27,Hami,CN,42.8,93.45,88.99,10,10,7.58,clear sky
28,Bereda,ES,43.2686,-7.5406,82.42,45,19,1.74,few clouds
29,Chota,PE,-6.55,-78.65,59.7,62,2,5.06,clear sky
30,Dikson,RU,73.5069,80.5464,49.66,72,5,3.58,clear sky
31,Bluff,NZ,-46.6,168.3333,32.81,69,51,14.38,light snow
32,Butaritari,KI,3.0707,172.7902,82.33,64,10,10.33,clear sky
33,Hegang,CN,47.4,130.3667,52.75,82,100,7.65,overcast clouds
34,Bafq,IR,31.6128,55.4107,99.63,8,0,17.6,clear sky
35,Maragogi,BR,-9.0122,-35.2225,77.04,68,97,9.69,overcast clouds
36,Mount Isa,AU,-20.7333,139.5,51.57,43,0,0.0,clear sky
37,Lethem,GY,3.3803,-59.7968,82.33,74,57,1.97,broken clouds
38,Georgetown,MY,5.4112,100.3354,84.15,76,40,5.75,scattered clouds
39,Ancud,CL,-41.8697,-73.8203,47.43,78,1,5.95,clear sky
40,Hilo,US,19.7297,-155.09,73.13,82,90,4.61,overcast clouds
41,Grand Gaube,MU,-20.0064,57.6608,70.38,87,85,3.0,moderate rain
42,Hirara,JP,24.8,125.2833,80.11,89,92,15.28,overcast clouds
43,Ushuaia,AR,-54.8,-68.3,40.66,65,40,12.66,scattered clouds
44,Orange,US,33.7,-117.7675,71.8,85,75,0.0,broken clouds
45,Barrow,US,71.2906,-156.7887,37.42,93,90,10.36,overcast clouds
46,Castro,BR,-24.7911,-50.0119,68.43,54,1,5.91,clear sky
47,Aklavik,CA,68.2191,-135.0107,42.8,93,75,4.61,mist
48,Hithadhoo,MV,-0.6,73.0833,83.14,68,100,2.21,light rain
49,Fortuna,US,40.5982,-124.1573,62.19,71,90,3.0,overcast clouds
50,Nanortalik,GL,60.1432,-45.2371,44.26,85,46,10.51,scattered clouds
51,Ratnagiri,IN,16.9833,73.3,80.65,83,100,5.23,overcast clouds
52,Port Alfred,ZA,-33.5906,26.891,80.31,36,41,3.71,scattered clouds
53,Kaitangata,NZ,-46.2817,169.8464,34.97,91,93,7.29,light rain
54,Hvittingfoss,NO,59.4833,10.0167,74.52,46,89,3.0,overcast clouds
55,Lebu,CL,-37.6167,-73.65,48.07,69,74,12.57,broken clouds
56,Avera,US,33.194,-82.5271,80.94,65,10,5.28,clear sky
57,Thompson,CA,55.7435,-97.8558,64.56,94,90,0.0,mist
58,Alyangula,AU,-13.8483,136.4192,69.94,83,1,8.19,clear sky
59,Jamestown,US,42.097,-79.2353,76.32,82,20,8.01,few clouds
60,Saint George,US,37.1041,-113.5841,85.53,28,1,4.61,clear sky
61,Fresnillo,MX,23.1667,-102.8833,62.85,72,0,3.31,clear sky
62,Qaanaaq,GL,77.484,-69.3632,38.91,66,35,3.67,scattered clouds
63,Khatanga,RU,71.9667,102.5,57.02,60,100,15.95,overcast clouds
64,Olafsvik,IS,64.8945,-23.7142,57.69,75,99,7.09,overcast clouds
65,Kirovsk,UA,48.6375,38.6428,74.3,75,100,2.08,moderate rain
66,Auki,SB,-8.7676,160.7034,76.01,88,100,4.74,overcast clouds
67,Faanui,PF,-16.4833,-151.75,78.67,75,68,12.59,broken clouds
68,Goderich,CA,43.7501,-81.7165,74.91,83,100,6.91,overcast clouds
69,Mataura,NZ,-46.1927,168.8643,32.49,99,99,3.6,overcast clouds
70,Port Elizabeth,ZA,-33.918,25.5701,71.89,46,20,12.66,few clouds
71,Yellowknife,CA,62.456,-114.3525,48.72,71,40,9.22,scattered clouds
72,Riyadh,SA,24.6877,46.7219,109.54,9,61,12.55,broken clouds
73,Tura,IN,25.5198,90.2201,75.87,97,83,5.39,broken clouds
74,Nuristan,AF,35.3,70.8333,53.02,63,50,1.68,scattered clouds
75,Muisne,EC,0.6,-80.0333,75.7,82,100,10.2,overcast clouds
76,Edson,CA,53.5835,-116.4356,51.94,82,90,8.05,overcast clouds
77,Salalah,OM,17.0151,54.0924,78.89,89,90,8.05,light intensity drizzle
78,Panaba,MX,21.2833,-88.2667,83.89,69,91,7.67,overcast clouds
79,Palmer,US,42.1584,-72.3287,77.61,67,75,1.01,broken clouds
80,Hesla,IN,24.0667,85.8833,80.1,83,94,3.94,overcast clouds
81,Busselton,AU,-33.65,115.3333,58.08,82,9,27.6,clear sky
82,Pemangkat,ID,1.1667,108.9667,81.93,77,100,2.66,overcast clouds
83,Cape Town,ZA,-33.9258,18.4232,63.1,70,40,10.0,scattered clouds
84,Arraial Do Cabo,BR,-22.9661,-42.0278,73.36,64,40,23.02,scattered clouds
85,Hermanus,ZA,-34.4187,19.2345,65.8,64,100,25.12,overcast clouds
86,Terre Haute,US,39.4667,-87.4139,77.27,78,1,9.22,clear sky
87,Cabedelo,BR,-6.9811,-34.8339,83.07,69,48,21.09,scattered clouds
88,Riosucio,CO,5.4216,-75.7032,61.23,90,96,2.08,overcast clouds
89,Norman Wells,CA,65.282,-126.8329,46.44,81,90,2.3,overcast clouds
90,Kaeo,NZ,-35.1,173.7833,46.33,94,92,11.34,overcast clouds
91,Nchelenge,ZM,-9.3451,28.734,80.83,37,0,5.77,clear sky
92,Dunedin,NZ,-45.8742,170.5036,37.8,73,86,3.0,overcast clouds
93,Mbandaka,CD,0.0487,18.2603,88.29,41,58,2.3,broken clouds
94,Sorong,ID,-0.8833,131.25,78.17,88,100,8.86,overcast clouds
95,Luderitz,NA,-26.6481,15.1594,60.64,75,66,9.82,broken clouds
96,Darbhanga,IN,26.1667,85.9,85.24,78,82,1.28,broken clouds
97,Ust-Ilimsk,RU,58.0006,102.6619,61.02,52,9,2.3,clear sky
98,Avarua,CK,-21.2078,-159.775,73.45,73,75,4.61,broken clouds
99,Vaini,TO,-21.2,-175.2,62.76,94,40,0.0,scattered clouds
100,Plettenberg Bay,ZA,-34.0527,23.3716,63.57,64,72,7.14,broken clouds
101,Talnakh,RU,69.4865,88.3972,70.97,40,0,1.95,clear sky
102,Manyana,BW,-23.4,21.7167,81.64,9,0,9.22,clear sky
103,Nisia Floresta,BR,-6.0911,-35.2086,80.98,56,72,18.9,broken clouds
104,Puerto Del Rosario,ES,28.5004,-13.8627,80.28,69,40,18.41,scattered clouds
105,Qaqortoq,GL,60.7167,-46.0333,48.7,78,8,16.4,clear sky
106,Porto-Vecchio,FR,41.591,9.2795,87.46,42,0,5.75,light rain
107,Mar Del Plata,AR,-38.0023,-57.5575,50.02,62,0,11.5,light rain
108,Pevek,RU,69.7008,170.3133,37.15,82,88,8.97,overcast clouds
109,Souillac,MU,-20.5167,57.5167,70.36,100,75,5.75,shower rain
110,Lorengau,PG,-2.0226,147.2712,80.82,80,39,10.92,scattered clouds
111,Poum,NC,-20.2333,164.0167,69.64,70,89,20.51,overcast clouds
112,Bor,RU,56.3567,44.0669,89.53,28,29,9.55,scattered clouds
113,Pangoa,PE,-12.1167,-73.0,77.36,51,0,2.15,clear sky
114,Minsk,BY,53.9,27.5667,78.55,57,100,11.59,overcast clouds
115,Male,MV,4.1748,73.5089,83.5,72,100,17.05,overcast clouds
116,Paso De Los Toros,UY,-32.8167,-56.5167,69.37,68,4,5.77,clear sky
117,Fort Nelson,CA,58.8053,-122.7002,45.99,100,75,2.3,fog
118,Sao Filipe,CV,14.8961,-24.4956,80.28,79,24,11.14,few clouds
119,Veraval,IN,20.9,70.3667,81.68,79,93,8.81,overcast clouds
120,Kavieng,PG,-2.5744,150.7967,81.64,75,80,9.62,broken clouds
121,Beatrice,US,40.2681,-96.747,72.45,88,1,8.05,clear sky
122,Oranjemund,NA,-28.55,16.4333,60.28,76,86,15.21,overcast clouds
123,Barra Do Garcas,BR,-15.89,-52.2567,86.58,39,0,11.5,clear sky
124,Longyearbyen,SJ,78.2186,15.6401,44.44,81,20,10.36,few clouds
125,Makokou,GA,0.5738,12.8642,78.93,73,99,3.74,light rain
126,Puerto Baquerizo Moreno,EC,-0.9,-89.6,70.29,79,51,17.69,broken clouds
127,Upernavik,GL,72.7868,-56.1549,38.34,85,78,5.19,broken clouds
128,Saint-Augustin,CA,51.226,-58.6502,62.28,53,98,8.43,overcast clouds
129,Ribeira Grande,PT,38.5167,-28.7,75.6,69,40,13.8,scattered clouds
130,Mount Gambier,AU,-37.8333,140.7667,45.07,86,23,5.86,few clouds
131,Nantucket,US,41.2835,-70.0995,78.91,75,75,9.22,broken clouds
132,Yeniseysk,RU,58.4497,92.1703,66.63,66,86,1.61,overcast clouds
133,Honningsvag,NO,70.9821,25.9704,59.4,63,15,6.71,few clouds
134,Andenes,NO,69.3143,16.1194,67.98,52,0,6.91,clear sky
135,Lompoc,US,34.6391,-120.4579,59.09,99,90,4.61,mist
136,Brae,GB,60.3964,-1.353,57.11,72,97,10.69,overcast clouds
137,Sangar,RU,63.9242,127.4739,64.69,32,0,10.69,clear sky
138,Bonthe,SL,7.5264,-12.505,81.72,67,97,11.56,overcast clouds
139,Beringovskiy,RU,63.05,179.3167,43.41,90,100,24.79,light rain
140,Ternate,ID,0.8,127.4,79.7,81,100,1.66,overcast clouds
141,North Bend,US,43.4065,-124.2243,55.85,100,20,3.44,few clouds
142,Geraldton,AU,-28.7667,114.6,66.61,88,75,16.11,broken clouds
143,Yeppoon,AU,-23.1333,150.7333,56.98,71,0,12.06,clear sky
144,Santa Vitoria Do Palmar,BR,-33.5189,-53.3681,68.65,70,100,3.44,overcast clouds
145,Dori,BF,14.0354,-0.0345,93.96,38,97,8.66,overcast clouds
146,Bredasdorp,ZA,-34.5322,20.0403,65.52,45,100,24.16,overcast clouds
147,Rajauri,IN,33.3833,74.3,78.73,75,65,2.24,broken clouds
148,Butterworth,MY,5.3991,100.3638,84.25,77,40,5.75,scattered clouds
149,Buraydah,SA,26.326,43.975,109.85,9,47,11.95,scattered clouds
150,Cabo San Lucas,MX,22.8909,-109.9124,85.51,76,100,3.53,overcast clouds
151,Westport,US,41.1415,-73.3579,76.28,94,90,5.75,overcast clouds
152,Ilebo,CD,-4.3167,20.5833,97.32,23,91,1.03,overcast clouds
153,Tiksi,RU,71.6872,128.8694,46.11,87,15,6.06,few clouds
154,Masallatah,LY,32.6167,14.0,95.25,39,0,16.11,clear sky
155,Wielun,PL,51.221,18.5696,76.89,49,57,10.09,broken clouds
156,Severo-Kurilsk,RU,50.6789,156.125,52.92,78,76,9.42,broken clouds
157,Chaltyr,RU,47.2848,39.4823,86.34,65,79,9.46,broken clouds
158,Joaima,BR,-16.6542,-41.0306,68.23,74,100,4.94,overcast clouds
159,Japura,ID,-0.3167,102.35,79.32,83,91,2.06,overcast clouds
160,Jumla,NP,29.2747,82.1838,64.24,97,99,2.89,overcast clouds
161,Innsbruck,AT,47.2627,11.3945,68.05,56,75,2.3,broken clouds
162,Coihaique,CL,-45.5752,-72.0662,41.61,70,20,6.91,few clouds
163,Tuxpan,MX,19.55,-103.4,67.77,96,97,3.4,overcast clouds
164,Faya,SA,18.3851,42.4509,84.72,39,91,8.21,overcast clouds
165,Sambava,MG,-14.2667,50.1667,73.87,71,20,12.37,few clouds
166,Sur,OM,22.5667,59.5289,91.92,56,0,4.5,clear sky
167,Murfreesboro,US,35.8456,-86.3903,81.63,78,1,6.91,clear sky
168,Lata,PT,40.1629,-8.3327,85.05,28,0,11.34,clear sky
169,Evanston,US,42.0411,-87.6901,81.52,74,75,1.01,broken clouds
170,Belaya Gora,RU,68.5333,146.4167,53.74,58,52,5.68,broken clouds
171,Provideniya,RU,64.3833,-173.3,44.33,87,100,13.13,overcast clouds
172,Pasighat,IN,28.0667,95.3333,79.45,96,84,1.43,broken clouds
173,Gat,IL,31.61,34.7642,90.39,47,0,12.64,clear sky
174,Alenquer,BR,-1.9417,-54.7383,88.14,46,64,5.08,broken clouds
175,Jacqueville,CI,5.2052,-4.4146,78.71,84,24,14.27,few clouds
176,Cidreira,BR,-30.1811,-50.2056,67.86,68,0,5.44,clear sky
177,Puerto Ayora,EC,-0.7393,-90.3518,70.56,85,40,8.01,scattered clouds
178,Codrington,AU,-38.2667,141.9667,52.93,58,100,7.25,overcast clouds
179,Kapaa,US,22.0752,-159.319,79.12,64,20,11.5,few clouds
180,Vestmanna,FO,62.1564,-7.1664,54.52,94,93,11.5,overcast clouds
181,Sar-E Pul,AF,35.8333,66.1667,79.52,18,0,6.29,clear sky
182,Bambous Virieux,MU,-20.3428,57.7575,70.21,100,75,5.75,shower rain
183,Kirs,RU,59.3388,52.2447,68.74,51,25,4.25,scattered clouds
184,Praia Da Vitoria,PT,38.7333,-27.0667,77.25,69,75,16.49,broken clouds
185,Guantanamo,CU,20.1444,-75.2092,89.17,54,50,6.33,scattered clouds
186,Ponta Do Sol,PT,32.6667,-17.1,74.71,76,75,3.74,broken clouds
187,Hopkinton,US,41.4612,-71.7776,76.55,81,90,3.44,overcast clouds
188,Hollister,US,36.8525,-121.4016,61.21,93,90,0.0,overcast clouds
189,Cherskiy,RU,68.75,161.3,48.79,65,15,3.31,few clouds
190,Ures,MX,29.4333,-110.4,81.28,83,100,3.65,overcast clouds
191,Sinnamary,GF,5.3833,-52.95,84.67,68,41,8.39,scattered clouds
192,Tra Vinh,VN,9.9347,106.3453,81.84,78,96,8.81,overcast clouds
193,Siyabuswa,ZA,-25.1132,29.0445,79.36,15,0,6.46,clear sky
194,Coracora,PE,-15.0333,-73.7833,54.23,47,6,2.59,clear sky
195,Husavik,IS,66.0449,-17.3389,60.71,70,22,6.71,few clouds
196,East London,ZA,-33.0153,27.9116,79.74,36,0,5.75,clear sky
197,Puerto Ayacucho,VE,5.6639,-67.6236,74.71,90,100,4.07,overcast clouds
198,Iqaluit,CA,63.7506,-68.5145,42.53,87,90,3.44,overcast clouds
199,Airai,TL,-8.9266,125.4092,54.91,90,69,2.71,broken clouds
200,Sakakah,SA,29.9697,40.2064,107.17,8,0,11.83,clear sky
201,Asyut,EG,27.181,31.1837,109.58,12,1,14.27,clear sky
202,Mongoumba,CF,3.6415,18.5936,86.49,52,97,1.83,overcast clouds
203,Axim,GH,4.8699,-2.2405,80.87,72,78,12.71,broken clouds
204,Pisco,PE,-13.7,-76.2167,61.02,77,90,4.61,smoke
205,Bambanglipuro,ID,-7.95,110.2833,77.32,86,50,5.57,scattered clouds
206,Henties Bay,NA,-22.116,14.2845,60.85,75,0,14.5,clear sky
207,Itoman,JP,26.1247,127.6694,82.78,92,75,10.36,broken clouds
208,Atuona,PF,-9.8,-139.0333,77.04,80,82,14.36,moderate rain
209,Atherton,GB,53.5237,-2.4935,65.16,86,100,5.01,overcast clouds
210,Mahebourg,MU,-20.4081,57.7,70.25,100,75,5.75,shower rain
211,Lagoa,PT,39.05,-27.9833,71.44,78,95,15.99,overcast clouds
212,Saskylakh,RU,71.9167,114.0833,61.23,61,91,11.01,overcast clouds
213,Tomatlan,MX,19.9333,-105.25,75.78,92,96,3.76,overcast clouds
214,Felanitx,ES,39.4696,3.1483,86.95,52,4,14.92,clear sky
215,Bengkulu,ID,-3.8004,102.2655,77.97,89,100,3.76,light rain
216,Sunyani,GH,7.3399,-2.3268,82.2,64,94,6.26,light rain
217,Toamasina,MG,-18.1667,49.3833,73.4,78,40,5.75,scattered clouds
218,Bilma,NE,18.6853,12.9164,103.08,21,93,7.49,overcast clouds
219,Baruun-Urt,MN,46.6806,113.2792,57.9,91,77,7.72,broken clouds
220,Raudeberg,NO,61.9875,5.1352,71.38,75,100,8.63,overcast clouds
221,Dalianwan,CN,39.0286,121.695,75.24,94,80,6.71,light rain
222,College,US,64.8569,-147.8028,56.59,92,75,0.0,broken clouds
223,Yertarskiy,RU,56.7902,64.2995,62.1,91,98,3.31,overcast clouds
224,Moerai,PF,-22.4333,-151.3333,73.24,72,3,8.39,clear sky
225,Saquarema,BR,-22.92,-42.5103,73.54,57,55,10.49,broken clouds
226,Aquin,HT,18.2833,-73.4,83.75,69,38,3.38,scattered clouds
227,Qasigiannguit,GL,68.8193,-51.1922,44.85,94,100,13.91,light rain
228,Tasiilaq,GL,65.6145,-37.6368,46.56,96,100,18.1,moderate rain
229,Carnarvon,AU,-24.8667,113.6333,68.07,81,90,3.44,overcast clouds
230,Clarence Town,AU,-32.5833,151.7833,59.86,84,100,1.81,overcast clouds
231,Sobolevo,RU,54.4299,31.8996,76.14,46,100,4.12,overcast clouds
232,Yerbogachen,RU,61.2767,108.0108,54.79,53,0,0.92,clear sky
233,Oni,GE,42.5794,43.4425,78.78,66,86,5.3,overcast clouds
234,Loiza,PR,18.4313,-65.8802,87.78,73,40,16.11,scattered clouds
235,Coquimbo,CL,-29.9533,-71.3436,55.13,82,75,6.91,broken clouds
236,Meulaboh,ID,4.1363,96.1285,80.83,83,100,7.34,heavy intensity rain
237,Komsomolskiy,UZ,40.4272,71.7189,93.92,22,0,6.91,clear sky
238,Ciudad Bolivar,VE,8.1222,-63.5497,83.98,66,99,6.62,overcast clouds
239,Waipawa,NZ,-41.4122,175.5153,42.03,74,100,28.5,moderate rain
240,Zahesi,GE,41.8246,44.7536,91.11,27,100,2.91,overcast clouds
241,Brainerd,US,46.358,-94.2008,66.45,88,90,5.75,overcast clouds
242,Stawell,AU,-37.05,142.7667,48.22,65,88,4.29,overcast clouds
243,Adeje,ES,28.1227,-16.726,75.69,72,75,4.0,broken clouds
244,Darhan,MN,49.4867,105.9228,57.94,80,0,2.51,clear sky
245,Dawei,MM,14.0833,98.2,78.82,91,64,0.78,broken clouds
246,Palmas,BR,-10.2128,-48.3603,84.07,39,0,16.11,clear sky
247,Atar,MR,20.5169,-13.0499,98.37,26,8,10.69,clear sky
248,Port Lincoln,AU,-34.7333,135.8667,54.18,75,22,10.13,few clouds
249,Karratha,AU,-20.7377,116.8463,70.3,67,1,5.82,light rain
250,Yebaishou,CN,41.3975,119.6408,71.19,77,100,2.71,overcast clouds
251,Tilichiki,RU,60.4667,166.1,44.29,79,100,6.62,overcast clouds
252,The Valley,AI,18.217,-63.0578,86.14,74,40,17.27,scattered clouds
253,Reconquista,AR,-29.15,-59.65,76.89,39,57,14.88,broken clouds
254,Muyezerskiy,RU,63.9333,31.65,54.41,96,100,9.66,overcast clouds
255,Saint Anthony,US,45.0205,-93.218,73.33,93,20,4.61,mist
256,Nakamura,JP,32.9833,132.9333,79.56,97,100,18.95,moderate rain
257,Chuy,UY,-33.6971,-53.4616,68.29,72,100,2.06,overcast clouds
258,Katangli,RU,51.7102,143.2326,51.67,92,100,8.23,overcast clouds
259,Ingham,US,42.6,-84.3833,76.95,86,1,4.61,clear sky
260,Victoria,HK,22.2855,114.1577,87.33,88,100,1.01,overcast clouds
261,Galle,LK,6.0367,80.217,78.22,88,99,10.98,light rain
262,Llanes,ES,43.4198,-4.7549,68.02,71,40,5.61,scattered clouds
263,Caernarfon,GB,53.1413,-4.2702,64.2,77,90,16.11,overcast clouds
264,Orsha,BY,54.5153,30.4053,77.22,45,100,4.7,overcast clouds
265,San Patricio,US,28.017,-97.5169,87.89,73,0,12.15,clear sky
266,Turukhansk,RU,65.8167,87.9833,67.12,55,18,6.46,few clouds
267,Yumen,CN,40.2833,97.2,80.47,15,5,5.28,clear sky
268,Charleston,US,32.7766,-79.9309,86.09,82,1,3.0,clear sky
269,Takoradi,GH,4.8845,-1.7554,81.39,70,94,14.81,overcast clouds
270,Ilulissat,GL,69.2167,-51.1,44.62,87,75,16.11,broken clouds
271,Aranos,NA,-24.1333,19.1167,83.3,10,0,13.65,clear sky
272,Luau,AO,-10.7073,22.2247,91.98,10,85,0.69,overcast clouds
273,Kelcyre,AL,40.3131,20.1894,100.51,15,0,11.12,clear sky
274,Viedma,AR,-40.8135,-62.9967,52.9,50,93,11.54,overcast clouds
275,Muzhi,RU,65.3667,64.6667,62.44,69,100,15.23,overcast clouds
276,Susa,TN,35.8254,10.637,104.52,70,0,13.8,clear sky
277,Port Keats,AU,-14.25,129.55,68.07,31,1,7.9,clear sky
278,Pemba,MZ,-12.974,40.5178,77.7,69,75,17.27,broken clouds
279,Fairbanks,US,64.8378,-147.7164,56.61,92,75,4.61,light rain
280,Srednekolymsk,RU,67.45,153.6833,51.49,75,4,4.18,clear sky
281,Coihueco,CL,-36.6167,-71.8333,39.94,87,40,8.05,scattered clouds
282,Kloulklubed,PW,7.0419,134.2556,75.7,80,100,22.08,light rain
283,Kathu,TH,7.9178,98.3332,82.22,80,68,9.62,broken clouds
284,Bayan,CN,46.0833,127.4,62.08,71,0,14.23,clear sky
285,Biltine,TD,14.5333,20.9167,88.79,46,64,9.17,broken clouds
286,Villazon,BO,-22.0866,-65.5942,51.3,12,2,3.11,clear sky
287,Hay River,CA,60.8156,-115.7999,49.98,76,75,4.61,broken clouds
288,Cap Malheureux,MU,-19.9842,57.6142,70.47,87,81,3.0,moderate rain
289,Fenelon Falls,CA,44.5334,-78.7496,74.57,76,70,6.64,broken clouds
290,Katsuura,JP,35.1333,140.3,82.51,90,100,15.01,overcast clouds
291,Naze,JP,28.3667,129.4833,78.78,86,82,19.15,broken clouds
292,Vestmannaeyjar,IS,63.4427,-20.2734,61.79,72,0,13.8,clear sky
293,Calera,US,33.1029,-86.7536,81.41,87,1,0.0,clear sky
294,Talaya,RU,61.3833,152.75,50.54,84,100,5.77,overcast clouds
295,Lamu,KE,-2.2717,40.902,79.02,74,60,15.39,broken clouds
296,Meadow Lake,US,34.8014,-106.5436,74.73,25,0,5.41,clear sky
297,Santa Rosa,PH,14.3122,121.1114,84.11,86,79,6.38,broken clouds
298,La Ronge,CA,55.1001,-105.2842,57.45,88,90,9.22,overcast clouds
299,Kruisfontein,ZA,-34.0033,24.7314,66.69,47,97,18.39,overcast clouds
300,Chapais,CA,49.7834,-74.8492,62.38,42,2,5.99,clear sky
301,Torbay,CA,47.6666,-52.7314,72.88,89,75,18.41,broken clouds
302,Ponta Delgada,PT,37.7333,-25.6667,72.32,73,75,17.27,broken clouds
303,Olinda,BR,-8.0089,-34.8553,82.13,61,20,16.11,few clouds
304,Esperance,AU,-33.8667,121.9,59.56,79,0,13.18,clear sky
305,Los Llanos De Aridane,ES,28.6585,-17.9182,73.15,90,75,6.91,broken clouds
306,Altay,CN,47.8667,88.1167,66.51,35,44,4.65,scattered clouds
307,Tsabong,BW,-26.0217,22.401,83.48,10,0,15.64,clear sky
308,Santa Maria,BR,-29.6842,-53.8069,76.3,57,0,5.75,clear sky
309,Caravelas,BR,-17.7125,-39.2481,75.97,59,18,11.79,few clouds
310,Hamilton,US,39.1834,-84.5333,81.99,76,1,1.99,clear sky
311,Wilmington,US,34.2257,-77.9447,82.94,84,1,6.91,clear sky
312,Saint-Francois,FR,46.4154,3.9054,73.42,59,0,8.05,clear sky
313,Rawson,AR,-43.3002,-65.1023,47.79,48,0,9.71,clear sky
314,Inirida,CO,3.8653,-67.9239,76.96,88,96,2.57,overcast clouds
315,Visby,SE,57.6409,18.296,71.06,73,40,8.05,scattered clouds
316,Bure,ET,10.7,37.0667,63.09,90,100,1.81,moderate rain
317,Haines Junction,CA,60.7522,-137.5108,40.95,100,100,1.14,overcast clouds
318,Tuatapere,NZ,-46.1333,167.6833,32.83,89,99,2.75,light snow
319,Kindu,CD,-2.95,25.95,91.72,31,83,0.89,broken clouds
320,Aykhal,RU,66.0,111.5,50.23,86,73,3.18,broken clouds
321,Sinop,TR,41.7711,34.8709,72.03,82,100,7.72,overcast clouds
322,Berlevag,NO,70.8578,29.0864,63.82,55,7,11.56,clear sky
323,Miracema Do Tocantins,BR,-9.5618,-48.3967,87.6,31,4,12.41,clear sky
324,Aanekoski,FI,62.6946,25.818,70.68,75,100,8.81,overcast clouds
325,Antofagasta,CL,-23.65,-70.4,58.28,69,81,9.4,broken clouds
326,Mehamn,NO,71.0357,27.8492,67.77,48,10,13.2,clear sky
327,Kirov,RU,58.5966,49.6601,72.93,49,57,4.29,broken clouds
328,Leningradskiy,RU,69.3833,178.4167,35.22,85,24,14.32,few clouds
329,Aksarka,RU,66.5606,67.7975,61.3,64,100,14.72,overcast clouds
330,Anloga,GH,5.7947,0.8973,82.62,79,93,18.43,light rain
331,San Javier,ES,37.8063,-0.8374,89.64,68,40,5.99,scattered clouds
332,Petawawa,CA,45.9001,-77.3328,69.28,84,90,3.0,overcast clouds
333,Guerrero Negro,MX,27.9769,-114.0611,69.84,83,5,10.36,clear sky
334,Rio Claro,BR,-22.4114,-47.5614,75.02,38,5,9.55,clear sky
335,Kununurra,AU,-15.7667,128.7333,58.98,67,6,0.0,clear sky
336,Slubice,PL,52.3509,14.5607,77.38,44,82,11.79,broken clouds
337,Ixtapa,MX,20.7,-105.2,77.23,88,40,3.44,scattered clouds
338,Shingu,JP,33.7333,135.9833,78.91,89,100,4.36,overcast clouds
339,Koslan,RU,63.4564,48.8989,66.65,45,100,3.22,overcast clouds
340,Dongsheng,CN,39.8161,109.9776,70.39,56,2,9.26,clear sky
341,Tagusao,PH,9.1924,117.8141,80.74,85,100,6.35,overcast clouds
342,Vardo,NO,70.3705,31.1107,70.0,72,4,10.56,clear sky
343,Atambua,ID,-9.1061,124.8925,68.61,84,41,5.35,scattered clouds
344,League City,US,29.5075,-95.0949,89.24,76,20,5.01,few clouds
345,Shimoda,JP,34.6667,138.95,80.82,90,100,15.43,overcast clouds
346,Turlock,US,37.4947,-120.8466,67.23,68,1,3.44,clear sky
347,Alofi,NU,-19.0595,-169.9187,73.29,78,96,8.05,overcast clouds
348,Kenai,US,60.5544,-151.2583,53.15,93,90,6.91,moderate rain
349,Bundaberg,AU,-24.85,152.35,56.21,90,1,1.99,clear sky
350,Tessalit,ML,20.1986,1.0114,102.61,23,62,15.79,broken clouds
351,Ostrovnoy,RU,68.0531,39.5131,64.4,56,64,12.57,broken clouds
352,Shiraoi,JP,42.55,141.35,73.58,89,100,6.33,overcast clouds
353,Opuwo,NA,-18.0607,13.84,84.94,9,5,6.51,clear sky
354,Caltenco,MX,18.9,-97.8,57.97,76,68,1.74,broken clouds
355,Torgelow,DE,53.6333,14.0167,77.5,62,73,14.16,broken clouds
356,Bolshaya Sosnova,RU,57.6713,54.6029,68.63,50,15,8.03,few clouds
357,Ahipara,NZ,-35.1667,173.1667,48.9,79,98,17.63,light rain
358,Tres Arroyos,AR,-38.3739,-60.2798,50.65,45,100,8.32,overcast clouds
359,Zhanaozen,KZ,43.3,52.8,106.93,8,2,7.38,clear sky
360,Evensk,RU,61.95,159.2333,55.62,66,88,11.23,overcast clouds
361,Guiratinga,BR,-16.3494,-53.7583,84.31,28,0,13.0,clear sky
362,Tirumullaivasal,IN,11.2333,79.8333,86.09,69,88,16.78,overcast clouds
363,Clyde River,CA,70.4692,-68.5914,50.23,66,40,3.44,scattered clouds
364,Aksu,CN,41.1231,80.2644,83.97,30,45,9.22,scattered clouds
365,Hokitika,NZ,-42.7167,170.9667,37.6,77,100,9.15,overcast clouds
366,Svetlaya,RU,46.5389,138.3297,58.55,91,100,15.68,overcast clouds
367,Chokurdakh,RU,70.6333,147.9167,53.56,56,100,8.1,overcast clouds
368,Tromso,NO,69.6496,18.957,75.85,35,0,3.44,clear sky
369,Half Moon Bay,US,37.4636,-122.4286,62.91,91,40,1.01,scattered clouds
370,Jamame,SO,0.0722,42.7506,80.15,66,97,17.22,overcast clouds
371,Nortelandia,BR,-14.4547,-56.8028,90.05,28,6,10.22,clear sky
372,Edd,ER,13.9297,41.6925,92.71,60,100,10.27,overcast clouds
373,Buin,CL,-33.7333,-70.75,50.32,86,96,3.33,overcast clouds
374,Matara,LK,5.9485,80.5353,77.38,90,100,10.83,overcast clouds
375,Kajaani,FI,64.2273,27.7285,60.85,88,90,12.66,overcast clouds
376,Prince Rupert,CA,54.3161,-130.3201,56.89,94,90,5.75,overcast clouds
377,Ludza,LV,56.55,27.7167,75.58,48,100,8.23,overcast clouds
378,Yarada,IN,17.65,83.2667,86.32,84,75,8.05,broken clouds
379,Quatre Cocos,MU,-20.2078,57.7625,70.09,87,89,19.75,moderate rain
380,Lae,PG,-6.7221,146.9847,75.36,87,87,1.1,overcast clouds
381,Aasiaat,GL,68.7098,-52.8699,40.1,93,100,16.08,overcast clouds
382,Pokrovka,KG,42.3414,78.0056,65.89,44,7,1.9,clear sky
383,Port Macquarie,AU,-31.4333,152.9167,51.76,63,92,5.39,overcast clouds
384,Buala,SB,-8.145,159.5921,78.42,80,96,0.29,overcast clouds
385,Ayan,RU,56.45,138.1667,53.65,66,70,7.78,broken clouds
386,Impfondo,CG,1.6381,18.0667,92.32,37,69,1.99,broken clouds
387,Lins,BR,-21.6786,-49.7425,79.72,33,0,10.38,clear sky
388,Port Hardy,CA,50.6996,-127.4199,59.18,88,90,4.61,overcast clouds
389,Touros,BR,-5.1989,-35.4608,79.7,64,55,20.47,broken clouds
390,Yenagoa,NG,4.9247,6.2642,79.38,76,99,10.0,light rain
391,Umm Lajj,SA,25.0213,37.2685,96.03,40,0,9.4,clear sky
392,San Cristobal,VE,7.7669,-72.225,69.98,58,100,0.18,overcast clouds
393,Safaga,EG,26.7292,33.9365,102.15,55,0,5.32,clear sky
394,Cornatelu,RO,44.75,25.6667,94.87,20,4,5.77,clear sky
395,Imuris,MX,30.7833,-110.8667,74.52,71,100,1.79,overcast clouds
396,Nyurba,RU,63.2842,118.3319,62.22,97,100,2.06,light rain
397,El Dorado,US,38.7666,-120.5177,75.22,34,0,1.99,clear sky
398,Whitehorse,CA,60.7161,-135.0538,53.02,87,75,4.61,broken clouds
399,Basco,PH,20.4487,121.9702,83.91,87,100,21.74,overcast clouds
400,Mawlaik,MM,23.6333,94.4167,79.41,96,100,2.17,overcast clouds
401,Halifax,CA,44.6453,-63.5724,73.53,85,100,2.3,overcast clouds
402,Saint-Philippe,RE,-21.3585,55.7679,72.99,83,57,10.78,broken clouds
403,Goiatuba,BR,-18.0125,-49.3547,75.88,33,0,13.47,clear sky
404,Pokhara,NP,28.2333,83.9833,73.15,90,100,3.69,overcast clouds
405,Slave Lake,CA,55.2834,-114.769,55.38,94,90,13.8,mist
406,Grand-Santi,GF,4.25,-54.3833,85.87,61,28,3.6,scattered clouds
407,Termini Imerese,IT,37.9837,13.6956,100.26,34,2,6.38,clear sky
408,Pringsewu,ID,-5.3582,104.9744,75.67,92,7,0.89,clear sky
409,Dzhebariki-Khaya,RU,62.2167,135.8,58.48,61,8,1.7,clear sky
410,Gizo,SB,-8.103,156.8419,80.22,75,88,7.87,light rain
411,Santiago Del Estero,AR,-27.7951,-64.2615,66.81,32,0,16.22,clear sky
412,Arrecife,ES,28.963,-13.5477,80.58,54,40,19.57,scattered clouds
413,Te Anau,NZ,-45.4167,167.7167,30.47,97,91,1.97,light snow
414,Hasaki,JP,35.7333,140.8333,77.4,91,100,10.45,overcast clouds
415,Fort Madison,US,40.6298,-91.3151,79.72,83,98,11.5,overcast clouds
416,Tahe,CN,52.3333,124.7333,56.12,99,100,6.06,overcast clouds
417,Ayagoz,KZ,47.9714,80.4392,74.53,39,100,10.25,overcast clouds
418,Abiramam,IN,9.4667,78.45,85.32,59,100,8.43,overcast clouds
419,Naryan-Mar,RU,67.6713,53.087,58.14,56,0,10.49,clear sky
420,Lazaro Cardenas,MX,17.9583,-102.2,77.9,89,92,5.39,overcast clouds
421,Soderhamn,SE,61.3037,17.0592,71.74,48,100,9.75,overcast clouds
422,Visnes,NO,59.3556,5.2242,69.12,63,0,9.22,clear sky
423,Hovd,MN,48.0056,91.6419,66.43,42,100,2.57,overcast clouds
424,Kuusankoski,FI,60.907,26.6244,66.72,82,75,9.22,broken clouds
425,Streletskoye,RU,50.6371,36.4729,86.81,39,0,8.95,clear sky
426,Zaraza,VE,9.3503,-65.3245,80.31,86,58,2.95,broken clouds
427,Coxim,BR,-18.5067,-54.76,89.26,24,0,11.52,clear sky
428,Ambon,ID,-3.6954,128.1814,75.34,94,40,3.44,light rain
429,Muswellbrook,AU,-32.2667,150.9,45.32,90,75,3.56,broken clouds
430,Oyem,GA,1.5995,11.5793,75.36,82,82,3.8,light rain
431,Wicklow,IE,53.0,-6.4167,62.04,66,38,13.85,scattered clouds
432,Gamba,GA,-2.65,10.0,76.37,73,81,8.3,broken clouds
433,Aguimes,ES,27.9054,-15.4461,75.83,65,20,26.46,few clouds
434,Pak Phanang,TH,8.3511,100.202,83.77,72,47,6.6,scattered clouds
435,Camargo,MX,27.6667,-105.1667,76.48,52,93,3.58,overcast clouds
436,Andilamena,MG,-17.0167,48.5833,64.13,72,89,5.17,overcast clouds
437,Epe,NG,6.5841,3.9834,75.49,89,100,8.43,light rain
438,Alta Floresta,BR,-9.8756,-56.0861,91.22,35,0,10.36,clear sky
439,Quimper,FR,48.0,-4.1,66.27,82,75,14.97,broken clouds
440,Panacan,PH,9.2463,118.4082,82.42,81,100,5.41,overcast clouds
441,Astaneh-Ye Ashrafiyeh,IR,37.2596,49.9444,89.53,49,4,5.82,clear sky
442,Bonavista,CA,48.6499,-53.1147,68.0,83,98,12.95,light rain
443,Timizart,DZ,36.8,4.2667,89.58,43,94,8.25,overcast clouds
444,Urumqi,CN,43.801,87.6005,83.35,25,0,6.71,clear sky
445,Pandan,PH,14.0453,124.1694,81.55,82,100,7.45,overcast clouds
446,Arys,KZ,42.4252,68.795,98.82,11,0,7.67,clear sky
447,Beloha,MG,-25.1667,45.05,72.48,51,0,11.14,clear sky
448,Nieuw Amsterdam,SR,5.8833,-55.0833,80.76,86,20,8.05,few clouds
449,Bubaque,GW,11.2833,-15.8333,79.65,73,29,10.6,scattered clouds
450,Garden City,US,42.3256,-83.331,76.98,86,75,3.44,haze
451,Goure,NE,13.9835,10.2704,88.02,46,100,8.01,overcast clouds
452,Scarborough,GB,54.2797,-0.4044,67.82,84,99,3.0,light rain
453,Balikpapan,ID,-1.2675,116.8289,78.13,86,23,4.0,few clouds
454,Araouane,ML,18.9048,-3.5265,104.83,15,16,11.74,few clouds
455,Noumea,NC,-22.2763,166.4572,60.78,68,84,11.97,broken clouds
456,Pangnirtung,CA,66.1451,-65.7125,42.3,84,97,4.29,overcast clouds
457,Bathsheba,BB,13.2167,-59.5167,86.61,70,40,23.02,scattered clouds
458,Puerto Varas,CL,-41.3195,-72.9854,44.82,93,75,6.91,broken clouds
459,Margate,GB,51.3813,1.3862,66.85,73,99,5.99,overcast clouds
460,Samarai,PG,-10.6167,150.6667,78.12,81,100,18.25,overcast clouds
461,Solwezi,ZM,-12.1688,26.3894,81.18,18,0,7.2,clear sky
462,Safranbolu,TR,41.2508,32.6942,73.13,68,73,7.09,broken clouds
463,Ostersund,SE,63.1792,14.6357,61.25,88,90,10.36,overcast clouds
464,Bojonegoro,ID,-7.1502,111.8817,77.22,86,8,5.84,clear sky
465,The Hague,NL,52.0767,4.2986,68.99,70,75,11.99,broken clouds
466,Alekseyevsk,RU,57.8406,108.3492,57.34,64,100,1.01,overcast clouds
467,Mayo,US,38.8876,-76.5119,80.37,78,90,5.01,overcast clouds
468,Mattru,SL,7.6244,-11.8332,83.17,62,100,4.29,overcast clouds
469,Montevideo,UY,-34.8335,-56.1674,55.81,94,90,17.27,mist
470,Urengoy,RU,65.9667,78.3667,71.8,58,13,9.46,few clouds
471,Santa Fe,AR,-31.6333,-60.7,73.0,61,86,3.0,overcast clouds
472,Leh,IN,34.1667,77.5833,69.39,29,15,8.39,few clouds
473,Brufut,GM,13.3814,-16.7518,86.09,79,75,5.75,thunderstorm
474,Sherbrooke,CA,45.4001,-71.8991,73.69,88,90,2.3,overcast clouds
475,Vanimo,PG,-2.6741,141.3028,77.52,89,87,7.34,overcast clouds
476,Namibe,AO,-15.1961,12.1522,72.0,77,88,14.12,overcast clouds
477,Roros,NO,62.5747,11.3842,60.64,63,0,8.05,clear sky
478,Tuburan,PH,6.6439,122.2736,82.71,70,100,2.66,overcast clouds
479,Vernon,CA,50.2581,-119.2691,59.61,80,100,3.0,overcast clouds
480,Taltal,CL,-25.4,-70.4833,56.19,63,11,1.83,few clouds
481,Nuuk,GL,64.1835,-51.7216,45.21,87,75,12.66,light rain
482,Ust-Kuyga,RU,70.0167,135.6,63.48,56,62,2.55,broken clouds
483,Guangyuan,CN,32.442,105.823,71.04,95,91,5.23,overcast clouds
484,Flagstaff,US,35.1981,-111.6513,69.44,50,1,3.0,clear sky
485,Ongandjera,NA,-17.8833,15.0667,84.34,9,1,5.35,clear sky
486,Saint-Joseph,RE,-21.3667,55.6167,71.98,78,37,9.57,scattered clouds
487,Lingao,CN,19.9103,109.6859,84.58,81,100,5.77,light rain
488,Dakar,SN,14.6937,-17.4441,88.68,70,40,13.8,scattered clouds
489,Zhangye,CN,38.9342,100.4517,78.58,19,96,2.82,overcast clouds
490,Key West,US,24.5557,-81.7826,89.6,66,20,8.05,few clouds
491,Daru,PG,-9.0763,143.2092,76.03,89,96,16.31,overcast clouds
492,Adrar,MR,20.5022,-10.0711,102.88,15,7,17.54,clear sky
493,Wasilla,US,61.5814,-149.4394,55.02,91,90,0.0,light rain
494,Nome,US,64.5011,-165.4064,48.27,81,1,14.97,clear sky
495,Kolpashevo,RU,58.3131,82.9089,69.3,72,78,5.32,broken clouds
496,Goundi,TD,9.3627,17.366,80.37,74,94,5.44,overcast clouds
497,Sidi Ali,DZ,36.0998,0.4206,80.74,55,1,11.79,clear sky
498,Luganville,VU,-15.5333,167.1667,74.98,87,100,9.95,overcast clouds
499,Pontes E Lacerda,BR,-15.2261,-59.3353,91.04,25,0,5.77,clear sky
500,Dolores,AR,-36.3132,-57.6792,48.13,65,100,9.78,heavy intensity rain
501,Casablanca,MA,33.5928,-7.6192,79.02,61,40,13.8,scattered clouds
502,Las Palmas,ES,28.4204,-14.0131,74.19,69,40,18.41,scattered clouds
503,Belmonte,BR,-15.8631,-38.8828,75.7,77,87,15.01,overcast clouds
504,Flinders,AU,-34.5833,150.8552,54.18,78,100,1.01,overcast clouds
505,Kahului,US,20.8947,-156.47,74.46,80,1,6.91,clear sky
506,Cotacachi,EC,0.3,-78.2667,60.44,60,27,3.94,scattered clouds
507,Koson,UZ,39.0375,65.585,97.12,11,0,16.46,clear sky
508,Morondava,MG,-20.2833,44.2833,76.8,60,1,17.07,clear sky
509,Omboue,GA,-1.5746,9.2618,78.82,69,77,10.85,broken clouds
510,Dingle,PH,10.9995,122.6711,76.98,91,100,3.94,light rain
511,Rantepao,ID,-2.9701,119.8978,66.54,98,64,1.5,broken clouds
512,Ust-Nera,RU,64.5667,143.2,60.71,56,11,4.14,few clouds
513,Thunder Bay,CA,48.4001,-89.3168,64.29,97,90,9.22,light intensity drizzle
514,Egvekinot,RU,66.3167,-179.1667,36.73,75,2,13.76,clear sky
515,Oranjestad,AW,12.524,-70.027,84.15,79,75,9.22,broken clouds
516,Priargunsk,RU,50.3691,119.1012,64.36,85,86,2.55,overcast clouds
517,Clonakilty,IE,51.6231,-8.8706,63.61,74,57,17.02,broken clouds
518,Santa Isabel Do Rio Negro,BR,-0.4139,-65.0192,75.97,90,98,2.17,overcast clouds
519,Nizhneudinsk,RU,54.9076,99.0276,60.15,74,10,3.09,clear sky
520,Palauig,PH,15.435,119.9045,80.91,85,99,8.1,moderate rain
521,Changji,CN,44.0167,87.3167,86.79,25,0,6.71,clear sky
522,Erzin,TR,36.9559,36.2,93.72,55,0,8.95,clear sky
523,Bose,IT,45.4612,8.0137,84.51,61,7,5.5,clear sky
524,Rocha,UY,-34.4833,-54.3333,61.25,83,100,8.59,overcast clouds
525,Tezu,IN,27.9167,96.1667,78.55,97,96,2.86,overcast clouds
526,Danshui,CN,22.7984,114.4672,87.03,80,100,2.68,overcast clouds
527,Maceio,BR,-9.6658,-35.7353,80.04,65,75,13.8,broken clouds
528,Diveyevo,RU,55.0433,43.2418,86.79,33,91,10.47,overcast clouds
529,Moravita,RO,45.2558,21.2703,98.13,26,0,4.61,clear sky
530,Mercedes,AR,-34.6515,-59.4307,55.83,65,47,19.17,moderate rain
531,Batagay-Alyta,RU,67.8006,130.4114,58.66,51,0,2.33,clear sky
532,Kilimatinde,TZ,-5.85,34.95,84.72,25,21,6.35,few clouds
533,Hatillo,PR,18.4863,-66.8254,89.1,68,7,15.23,clear sky
534,Corrente,BR,-3.7367,-43.3394,88.97,34,0,6.96,clear sky
535,Pravda,RU,46.9396,142.009,55.4,87,100,14.58,overcast clouds
536,Gorontalo,ID,0.5412,123.0595,74.64,94,67,2.46,heavy intensity rain
537,Sitka,US,57.0531,-135.33,57.09,88,90,4.61,overcast clouds
538,Pacific Grove,US,36.6177,-121.9166,59.25,94,40,4.0,scattered clouds
539,Yatou,CN,37.15,122.3833,71.65,87,0,4.65,clear sky
540,Harper,LR,4.375,-7.7169,81.09,70,97,10.78,light rain
541,Mogadishu,SO,2.0371,45.3438,80.47,65,40,14.97,scattered clouds
542,Udachnyy,RU,66.4167,112.4,50.77,89,59,3.49,broken clouds
543,Puerto Escondido,MX,15.85,-97.0667,79.63,73,40,5.75,scattered clouds
544,Porosozero,RU,62.7191,32.727,57.83,98,100,7.09,overcast clouds
545,Marawi,PH,7.9986,124.2928,67.64,96,100,2.75,light rain
546,Labuan,MY,5.2767,115.2417,82.56,89,20,0.0,few clouds
547,Helong,CN,42.5397,128.9972,65.86,81,100,2.48,overcast clouds
548,Constitucion,CL,-35.3333,-72.4167,48.81,60,100,4.63,overcast clouds
549,Berezovyy,RU,51.6667,135.7,49.17,98,100,4.63,moderate rain
550,Mendoza,AR,-32.8908,-68.8272,51.33,35,0,9.22,clear sky
551,Sunrise Manor,US,36.2111,-115.0731,89.31,18,1,6.91,smoke
552,Chandil,IN,22.9667,86.05,83.52,80,100,3.13,overcast clouds
553,Isiro,CD,2.7739,27.616,75.43,91,40,2.39,moderate rain
554,Sistranda,NO,63.7256,8.834,67.96,85,100,7.94,overcast clouds
555,Gao,ML,16.6362,1.637,97.36,31,100,9.98,overcast clouds
556,Boa Vista,BR,2.8197,-60.6733,80.58,74,75,2.3,broken clouds
557,Kropotkin,RU,45.4375,40.5756,98.87,24,46,2.55,scattered clouds
558,Jaciara,BR,-15.9653,-54.9683,87.49,27,0,7.85,clear sky
559,Carupano,VE,10.6678,-63.2585,84.06,69,67,6.6,broken clouds
560,Andra,RU,62.5147,65.8878,68.92,64,100,8.3,overcast clouds
561,Findlay,US,41.0442,-83.6499,79.39,73,1,8.05,clear sky
562,Tabou,CI,4.423,-7.3528,80.19,73,94,11.54,light rain
563,Mayumba,GA,-3.432,10.6554,74.39,79,99,6.73,overcast clouds
564,Lavrentiya,RU,65.5833,-171.0,42.3,89,100,13.29,overcast clouds
565,Trincomalee,LK,8.5711,81.2335,83.26,73,89,16.91,overcast clouds
566,Fallon,US,39.4735,-118.7774,69.93,31,90,0.0,haze
567,The Pas,CA,53.8251,-101.2541,64.42,94,90,3.09,mist
568,Shentala,RU,54.45,51.4833,83.8,32,22,10.58,few clouds
569,La Romana,DO,18.4273,-68.9728,84.56,79,20,5.75,few clouds
570,Storm Lake,US,42.6411,-95.2097,71.29,100,1,13.8,clear sky
571,Pafos,CY,34.7667,32.4167,89.51,51,20,18.41,few clouds
572,Grindavik,IS,63.8424,-22.4338,64.56,67,75,13.8,broken clouds
573,Bilibino,RU,68.0546,166.4372,41.92,67,44,5.93,scattered clouds
574,Madras,IN,13.0878,80.2785,87.78,70,20,10.36,few clouds
575,Batticaloa,LK,7.7102,81.6924,81.59,79,91,8.39,overcast clouds
576,Ginda,IN,30.6945,78.4932,67.15,91,42,1.45,scattered clouds
577,Middelburg,ZA,-25.7751,29.4648,72.64,15,0,10.27,clear sky
578,Savalou,BJ,7.9281,1.9756,77.22,81,100,4.94,overcast clouds
579,Saldanha,ZA,-33.0117,17.9442,59.05,77,100,18.12,overcast clouds
580,High Level,CA,58.5169,-117.136,50.11,81,90,2.3,overcast clouds
581,Okhotsk,RU,59.3833,143.3,57.85,77,10,9.24,clear sky
582,Hailar,CN,49.2,119.7,66.45,78,100,6.82,light rain
583,Barinitas,VE,8.7622,-70.4111,78.28,70,98,4.07,overcast clouds
584,Yiyang,CN,28.5892,112.3283,82.08,87,100,3.53,light rain
585,Dwarka,IN,22.2394,68.9678,82.65,72,96,11.52,overcast clouds
586,Pochutla,MX,15.7432,-96.4661,78.62,73,57,1.41,broken clouds
587,Makakilo City,US,21.3469,-158.0858,75.52,67,1,3.44,clear sky
588,Varhaug,NO,58.6147,5.6457,68.85,72,56,14.61,light rain
589,Bogalusa,US,30.791,-89.8487,87.69,74,1,0.0,clear sky
590,Mana,GF,5.6592,-53.7767,83.97,68,17,6.38,few clouds
591,Yurga,RU,55.7231,84.8861,65.59,82,41,2.17,light rain
592,Vuktyl,RU,63.8567,57.3094,51.82,94,100,8.93,overcast clouds
593,Palana,RU,59.1167,159.9667,43.88,87,46,11.39,scattered clouds
594,Mecca,SA,21.4267,39.8261,104.22,20,1,22.15,clear sky
595,Iralaya,HN,15.0,-83.2333,86.09,81,100,10.38,overcast clouds
596,San Luis,AR,-33.295,-66.3356,48.99,47,88,17.34,overcast clouds
597,Voyvozh,RU,62.892,54.9635,56.46,70,100,7.0,overcast clouds
598,Yarim,YE,14.298,44.3779,64.96,57,93,3.31,overcast clouds
599,Porbandar,IN,21.6422,69.6093,82.67,72,82,11.25,broken clouds
600,Krasnoselkup,RU,65.7,82.4667,70.59,55,21,8.88,few clouds
601,Acapulco,MX,16.8634,-99.8901,80.42,78,75,4.61,broken clouds
602,Hualmay,PE,-11.0964,-77.6139,63.77,78,79,9.17,broken clouds
603,Sibu,MY,2.3,111.8167,77.31,94,40,2.3,light rain
604,Havre-Saint-Pierre,CA,50.2334,-63.5986,64.76,48,20,10.36,few clouds
605,Sumbe,AO,-11.2061,13.8437,76.86,66,69,8.77,broken clouds
606,Penarroya-Pueblonuevo,ES,38.3,-5.2667,87.46,13,0,6.49,clear sky
607,Conde,BR,-7.2597,-34.9075,81.86,61,75,17.27,broken clouds
608,Santiago De Cao,PE,-7.9589,-79.2392,62.73,88,90,5.75,fog
609,Karaton,ID,-6.3424,106.1045,80.76,91,25,2.21,scattered clouds
610,Chumikan,RU,54.7183,135.315,51.37,83,100,11.03,overcast clouds
611,Kangaatsiaq,GL,68.3065,-53.4641,41.14,94,100,16.75,overcast clouds
612,Porterville,US,36.0652,-119.0168,67.55,59,1,5.75,haze
613,Zarubino,RU,42.63,131.0922,69.46,89,100,12.1,overcast clouds
614,Vila Franca Do Campo,PT,37.7167,-25.4333,72.01,60,22,6.02,few clouds
615,Harbour Breton,CA,47.4833,-55.7983,61.92,95,100,9.51,overcast clouds
616,Paka,MY,4.6374,103.4368,80.53,83,63,2.3,broken clouds
617,Kasangulu,CD,-4.5911,15.1708,86.94,29,8,6.69,clear sky
618,Champerico,GT,14.3,-91.9167,85.77,87,96,12.71,overcast clouds
619,Churapcha,RU,62.0025,132.4325,55.69,49,3,5.5,clear sky
620,Mahanoro,MG,-19.9,48.8,70.61,76,0,5.64,clear sky
621,Lugoba,TZ,-6.45,38.3333,81.03,48,85,11.36,overcast clouds
622,Diapaga,BF,12.0708,1.7889,89.65,53,100,11.43,overcast clouds
623,Itarema,BR,-2.9248,-39.9167,88.23,44,0,17.05,clear sky
624,Ocos,GT,14.5094,-92.1933,85.73,84,93,13.24,overcast clouds
625,Placido De Castro,BR,-10.3353,-67.1856,89.94,31,12,1.59,few clouds
626,Isangel,VU,-19.55,169.2667,69.31,76,95,9.84,overcast clouds
627,Inhambane,MZ,-23.865,35.3833,72.66,53,0,9.24,clear sky
628,Labuhan,ID,-6.8844,112.2051,80.08,84,6,9.98,clear sky
629,Mahajanga,MG,-15.7167,46.3167,80.62,57,20,9.22,few clouds
630,Zvishavane,ZW,-20.3267,30.0665,77.99,21,0,9.26,clear sky
631,Olot,ES,42.181,2.4901,82.38,30,45,4.0,scattered clouds
632,Coahuayana,MX,18.7333,-103.6833,81.88,86,97,4.16,overcast clouds
633,Lere,NG,10.387,8.5726,78.73,71,100,4.99,light rain
634,Melfort,CA,52.8667,-104.6177,60.93,94,100,2.3,overcast clouds
635,Arenapolis,BR,-14.4503,-56.8461,89.8,28,7,10.29,clear sky
636,Bukachacha,RU,52.9833,116.9167,58.78,97,72,6.44,broken clouds
637,Vila Velha,BR,-20.3297,-40.2925,69.75,83,75,8.05,broken clouds
638,Talcahuano,CL,-36.7167,-73.1167,44.28,70,0,4.61,clear sky
639,Tucuma,BR,-0.1833,-50.05,87.4,56,5,7.0,clear sky
640,Coatzacoalcos,MX,18.15,-94.4167,76.91,94,20,6.91,smoke
641,Mayna,RU,54.1135,47.6231,87.15,27,50,0.13,scattered clouds
642,Medea,DZ,36.2642,2.7539,75.65,21,97,7.52,overcast clouds
643,Livenka,RU,50.4491,38.2959,84.07,28,100,11.95,light rain
644,Manuk Mangkaw,PH,4.8,119.85,83.26,75,100,9.22,overcast clouds
645,Baillif,GP,16.0202,-61.7463,85.5,77,36,15.86,scattered clouds
646,High Prairie,CA,55.4334,-116.4858,52.9,92,79,9.22,broken clouds
647,Wattegama,LK,6.7989,81.4808,81.52,77,62,9.33,broken clouds
648,Talara,PE,-4.5772,-81.2719,66.96,72,0,25.32,clear sky
649,Floro,NO,61.5996,5.0328,72.3,55,40,8.05,scattered clouds
650,Sechura,PE,-5.5569,-80.8222,68.04,68,7,11.39,clear sky
651,Stephenville,US,32.2207,-98.2023,81.18,73,1,14.97,clear sky
652,Molteno,ZA,-31.3968,26.3625,69.46,11,5,29.53,clear sky
653,Ponnani,IN,10.767,75.9252,78.12,90,57,6.2,broken clouds
654,Kabare,CD,-2.4683,28.8242,73.65,56,99,4.27,overcast clouds
655,Saint-Denis,FR,48.9167,2.3333,72.99,52,20,3.0,few clouds
656,Hambantota,LK,6.1241,81.1185,82.74,83,40,11.5,scattered clouds
657,Namatanai,PG,-3.6667,152.4333,78.55,80,100,6.13,overcast clouds
658,Acarau,BR,-2.8856,-40.12,88.05,45,2,16.33,clear sky
659,Struga,MK,41.1781,20.6761,86.02,42,0,4.61,clear sky
660,Porto Novo,BJ,6.4965,2.6036,82.22,76,93,13.29,light rain
661,Pimentel,PE,-6.8367,-79.9342,66.49,78,0,5.99,clear sky
662,Jinji,CN,23.2281,110.8261,82.4,89,100,2.51,overcast clouds
663,Totness,SR,5.8833,-56.3167,78.33,82,100,6.15,overcast clouds
664,Hobbs,US,32.7026,-103.136,77.34,67,1,5.99,clear sky
665,Kungalv,SE,57.871,11.9805,69.66,83,98,7.87,overcast clouds
666,Bantou,CN,26.2151,117.4893,82.62,81,97,2.64,overcast clouds
667,Kilindoni,TZ,-7.9139,39.6668,77.54,69,30,12.86,scattered clouds
668,Manakara,MG,-22.1333,48.0167,70.54,77,0,7.05,clear sky
669,Shizunai,JP,42.3339,142.3669,70.12,84,26,9.75,scattered clouds
670,Pietersburg,ZA,-23.9045,29.4688,74.25,25,0,5.75,clear sky
671,Uruguaiana,BR,-29.7547,-57.0883,75.2,51,0,15.08,clear sky
672,Broome,US,42.2506,-75.833,79.05,78,1,1.99,clear sky
673,Taoudenni,ML,22.6783,-3.9836,117.61,5,3,15.32,clear sky
674,Russell,US,32.3502,-85.1999,82.06,77,1,0.0,clear sky
675,Elliot Lake,CA,46.3834,-82.6331,64.49,99,100,7.23,overcast clouds
676,Lagunas,PE,-5.2269,-75.6753,83.97,50,1,2.26,clear sky
677,Nioro,GM,13.35,-15.75,87.33,60,83,8.68,broken clouds
678,Chipinge,ZW,-20.1883,32.6236,73.49,25,0,8.81,clear sky
679,Mangrol,IN,21.1167,70.1167,81.84,77,99,9.6,overcast clouds
680,Tari,NG,12.4086,4.4914,88.34,55,100,10.38,overcast clouds
681,Alice Springs,AU,-23.7,133.8833,42.35,39,0,0.0,clear sky
682,Jobat,IN,22.4167,74.5667,81.28,78,96,5.66,overcast clouds
683,Caldas Novas,BR,-17.7417,-48.625,76.41,33,0,11.1,clear sky
